Learning Rate,Optimizer,Weight Decay,Freeze Layers,Train Loss,Train Accuracy,Val Loss,Val Accuracy
0.0001,SGD,0.0001,False,0.9809904989321487,71.22803295498744,0.6661396741580504,80.70333633904418
0.0005,SGD,0.0001,False,0.2580450739238136,92.29400186226324,0.20333107415661708,93.74812143071837
0.0001,Adam,0.0001,True,2.493919259642404,28.29815070188466,2.4171200270454087,30.387736699729487
0.0005,Adam,0,False,0.14416305118911033,95.72268778803202,0.19839722295633924,94.80012022843403
