Epoch,Train Loss,Train Accuracy,Val Loss,Val Accuracy,Learning Rate
1,0.8040213009615065,77.58565821576323,0.294628488829543,91.4738002204188,0.001
2,0.4007023217937548,89.50767888924248,0.2894547322292242,91.74431419697424,0.001
3,0.32586604498817023,91.40412290937378,0.24227548892982662,93.38743612864442,0.001
4,0.26683896479046193,92.77371144348974,0.26451634680750213,93.30728383929466,0.001
5,0.236975364109693,93.72841601546385,0.24259228267665697,93.74812143071837,0.001
6,0.21413619881938317,94.29416687293,0.17622222233956839,95.29105300070134,0.001
7,0.1773793577333727,95.06971700670651,0.19993948065605488,94.76004408375914,0.001
8,0.15880274657699275,95.59303654986269,0.19316409289604253,94.84019637310891,0.001
9,0.15559173683397923,95.77572693091946,0.18372644135247065,95.19086263901413,0.001