,MCC Score,Cohen's Kappa,Accuracy,Precision,Recall,F1-Score
Configuration 1,0.03863804776651444,0.03741019021916547,0.07178555202180827,0.0696399156688217,0.05976000664303574,0.04582184535184605
Original,0.7224395732217415,0.719730555251745,0.7288505224897773,0.7615255456511947,0.7208670143551297,0.712749070886149
Configuration 2,0.6991492139197077,0.6968975063718434,0.7065879145842798,0.7655911293296419,0.7061207065295808,0.6943620460720049
Configuration 3,0.6418888354668635,0.6390341376341202,0.6508859609268515,0.670121423573863,0.6360340345117173,0.6311602601037135
Configuration 4,0.3735827863201704,0.3669240625388904,0.3886415265788278,0.4828366955487738,0.35508918754567287,0.35379551991698355
