,MCC Score,Cohen's Kappa,Accuracy,Precision,Recall,F1-Score
ResNet,0.9483847636401725,0.9483581280441477,0.9500227169468424,0.9503236528639454,0.9434100389806279,0.9464850480145618
